day,segment,treat,conv,pre_conv,pre_sessions,impressions,clicks
0,desktop,0,0,0,1,75,5
0,desktop,1,0,0,7,16,0
0,mobile,0,0,0,1,25,0
0,desktop,1,0,1,1,36,2
0,tablet,0,1,1,5,47,1
0,tablet,1,0,0,4,30,0
0,tablet,1,0,0,1,71,7
0,tablet,0,0,0,3,17,0
0,desktop,1,0,0,3,16,0
0,mobile,0,0,0,4,30,2
0,tablet,1,0,0,1,20,2
0,mobile,0,0,0,1,10,0
0,mobile,0,0,0,4,31,2
0,desktop,1,0,0,1,31,4
0,mobile,0,0,0,3,21,0
0,tablet,0,0,0,6,44,2
0,desktop,0,0,0,4,28,0
0,mobile,1,1,0,3,46,5
0,desktop,0,0,0,1,56,6
0,tablet,1,0,0,2,10,1
0,mobile,0,0,0,2,45,3
0,tablet,0,0,0,2,41,1
0,desktop,0,0,0,2,35,2
0,tablet,1,0,0,0,22,1
0,mobile,0,0,0,1,33,0
0,mobile,0,0,0,4,15,0
0,desktop,0,0,0,3,29,1
0,desktop,0,0,0,8,30,2
0,desktop,1,1,0,5,56,6
0,mobile,1,0,0,4,83,2
0,mobile,0,0,0,3,18,0
0,mobile,1,1,1,6,23,1
0,mobile,1,0,0,2,40,2
0,desktop,0,0,0,1,13,3
0,tablet,1,0,1,3,129,3
0,mobile,1,0,0,6,31,0
0,tablet,0,0,0,1,12,1
0,tablet,1,0,0,5,48,1
0,desktop,0,0,0,3,27,2
0,mobile,0,1,0,3,28,0
0,mobile,0,0,0,9,31,2
0,mobile,1,0,0,6,35,3
0,desktop,0,0,0,1,47,1
0,desktop,0,0,0,3,37,3
0,desktop,0,0,0,1,52,4
0,tablet,1,0,0,2,18,2
0,mobile,0,1,1,7,33,1
0,tablet,1,0,0,3,32,1
0,desktop,1,0,0,3,15,1
0,mobile,1,0,0,3,24,0
0,desktop,1,0,0,3,40,1
0,tablet,0,0,1,5,59,0
0,tablet,0,0,0,3,87,4
0,mobile,0,0,0,2,33,1
0,mobile,1,0,0,3,40,1
0,mobile,0,0,0,3,53,1
0,desktop,1,1,0,5,108,5
0,desktop,0,0,1,5,20,0
0,desktop,0,1,1,2,64,1
0,desktop,1,0,0,2,58,5
0,mobile,0,1,1,10,31,0
0,mobile,0,0,0,6,13,0
0,mobile,0,0,1,6,106,7
0,tablet,1,0,0,0,50,1
0,desktop,0,0,0,3,65,7
0,desktop,1,0,0,0,10,0
0,desktop,0,0,0,1,13,0
0,desktop,1,1,1,8,131,5
0,mobile,1,1,0,5,25,0
0,mobile,1,0,0,1,52,3
0,desktop,0,0,0,5,14,2
0,tablet,1,0,0,5,49,4
0,desktop,0,0,0,3,89,5
0,mobile,1,0,0,1,47,3
0,mobile,1,1,1,13,17,0
0,mobile,1,0,0,2,30,2
0,desktop,1,1,1,2,21,0
0,mobile,0,0,0,0,148,12
0,tablet,0,1,0,1,34,2
0,mobile,1,0,0,5,31,2
0,tablet,0,1,0,2,57,4
0,desktop,1,0,0,3,52,3
0,mobile,1,0,0,3,52,3
0,mobile,1,0,0,1,62,7
0,tablet,1,0,0,5,16,0
0,desktop,0,0,0,1,33,0
0,desktop,1,0,0,4,130,6
0,tablet,1,1,1,6,32,2
0,mobile,0,0,0,1,20,0
0,tablet,0,0,0,2,47,5
0,mobile,1,0,0,3,42,1
0,mobile,1,0,0,6,29,5
0,mobile,1,0,0,1,18,1
0,mobile,1,0,0,0,28,2
0,desktop,0,0,0,6,57,4
0,mobile,0,0,0,1,20,2
0,mobile,0,0,0,0,17,1
0,mobile,1,1,0,6,32,1
0,tablet,1,0,0,3,10,1
0,desktop,1,0,0,3,133,7
0,desktop,1,0,0,3,27,1
0,desktop,0,0,0,3,31,2
0,mobile,1,0,0,6,22,1
0,tablet,0,0,0,4,145,8
0,desktop,1,0,1,4,20,1
0,desktop,0,0,1,6,45,1
0,tablet,1,0,0,4,34,1
0,tablet,0,0,0,5,77,2
0,mobile,0,0,0,3,20,0
0,tablet,1,0,0,2,48,2
0,mobile,0,0,0,0,73,6
0,mobile,0,1,0,6,50,6
0,mobile,0,0,0,5,41,1
0,desktop,1,0,0,3,16,2
0,mobile,0,0,0,7,33,2
0,desktop,1,0,0,6,37,1
0,desktop,1,1,1,8,87,5
0,desktop,0,0,0,4,37,2
0,mobile,1,0,1,5,57,3
0,mobile,1,0,0,4,42,4
0,desktop,1,0,0,5,111,7
0,tablet,1,0,1,3,40,2
0,mobile,1,1,0,7,86,6
0,desktop,0,0,1,4,181,8
0,tablet,0,1,0,4,35,3
0,desktop,0,1,1,7,89,7
0,desktop,1,0,0,1,22,1
0,tablet,0,0,0,0,48,2
0,mobile,1,1,0,3,21,1
0,desktop,0,0,1,2,7,2
0,desktop,0,0,0,4,35,2
0,desktop,0,0,0,0,46,3
0,tablet,0,0,0,3,32,3
0,mobile,1,0,0,2,19,2
0,desktop,1,0,0,1,97,5
0,desktop,0,1,0,3,72,5
0,mobile,1,0,0,2,112,8
0,mobile,1,0,0,6,78,3
0,desktop,0,0,0,6,7,0
0,tablet,1,1,1,2,41,4
0,desktop,0,0,0,3,103,2
0,desktop,1,0,0,5,71,5
0,desktop,0,0,0,3,10,0
0,mobile,0,0,0,2,16,0
0,desktop,1,0,0,2,9,1
0,desktop,1,0,0,2,22,0
0,mobile,0,0,0,1,57,2
0,desktop,1,0,0,1,123,4
0,desktop,0,1,0,3,48,4
0,mobile,1,0,0,0,26,2
0,mobile,0,0,0,1,24,2
0,mobile,1,0,0,3,16,1
0,mobile,1,0,0,1,26,1
0,mobile,1,0,0,4,70,1
0,mobile,0,0,1,4,37,3
0,tablet,0,1,1,3,49,1
0,mobile,1,0,0,7,22,3
0,mobile,1,1,1,5,15,3
0,mobile,1,1,1,10,27,0
0,tablet,0,0,0,7,10,1
0,tablet,0,0,0,1,9,0
0,desktop,0,0,1,5,61,5
0,mobile,0,0,0,3,42,2
0,desktop,1,1,0,8,40,3
0,tablet,1,0,0,2,63,3
0,mobile,0,0,0,2,56,2
0,desktop,0,0,0,3,32,3
0,desktop,0,1,1,14,9,1
0,mobile,1,0,0,1,25,1
0,desktop,0,0,0,6,24,2
0,mobile,0,0,1,8,51,2
0,mobile,1,0,0,8,46,6
0,desktop,0,0,0,0,18,0
0,mobile,0,0,0,5,21,0
0,desktop,0,0,0,2,17,0
0,desktop,0,0,1,7,100,4
0,mobile,1,0,0,0,36,7
0,mobile,0,0,0,1,20,4
0,desktop,1,0,0,1,51,3
0,mobile,1,1,0,5,23,2
0,desktop,0,0,0,1,41,2
0,mobile,1,0,0,3,21,0
0,tablet,0,0,1,6,15,1
0,mobile,0,0,0,3,36,2
0,mobile,1,0,0,2,17,0
0,desktop,1,0,0,1,46,3
0,desktop,1,1,1,9,28,1
0,desktop,1,0,0,3,21,3
0,desktop,0,0,0,3,53,4
0,mobile,0,0,0,3,35,3
0,tablet,1,0,1,11,47,2
0,mobile,1,1,1,3,19,1
0,mobile,1,0,0,3,17,2
0,tablet,1,0,0,1,49,3
0,desktop,1,0,0,0,23,0
0,desktop,0,0,0,7,39,4
0,desktop,0,0,0,1,24,2
0,mobile,1,1,0,5,21,2
0,desktop,0,0,1,2,22,0
0,desktop,1,0,0,0,41,2
1,mobile,0,0,0,2,85,1
1,desktop,1,0,0,1,19,0
1,desktop,1,0,0,5,42,0
1,tablet,0,0,0,5,27,1
1,desktop,1,1,0,5,66,4
1,tablet,0,0,0,1,4,0
1,mobile,1,1,0,4,68,3
1,desktop,1,0,1,5,28,5
1,desktop,0,0,0,3,43,0
1,desktop,0,0,0,3,24,3
1,tablet,0,0,0,3,79,6
1,tablet,1,1,1,5,27,0
1,desktop,0,0,0,3,58,3
1,desktop,1,0,0,1,52,3
1,desktop,0,0,0,3,37,4
1,mobile,0,0,1,2,42,1
1,desktop,1,0,1,9,39,1
1,desktop,1,1,0,7,34,3
1,tablet,1,0,0,5,24,0
1,desktop,1,0,0,3,11,1
1,tablet,0,0,0,4,44,3
1,desktop,1,0,0,1,57,3
1,desktop,0,0,0,1,20,0
1,desktop,1,0,0,0,18,1
1,desktop,1,0,0,3,136,6
1,desktop,1,0,0,7,25,2
1,mobile,1,0,0,0,38,1
1,desktop,0,0,0,2,21,1
1,tablet,1,1,0,6,29,1
1,tablet,1,0,1,4,6,3
1,mobile,0,1,1,5,42,1
1,tablet,1,0,0,2,48,2
1,mobile,1,0,0,4,43,0
1,tablet,1,0,0,2,42,2
1,tablet,0,0,0,2,119,3
1,mobile,1,0,0,5,18,0
1,mobile,0,0,0,6,52,4
1,desktop,0,0,0,2,45,2
1,mobile,0,0,0,4,18,0
1,mobile,1,0,0,1,35,4
1,mobile,0,0,1,1,17,1
1,mobile,1,0,0,7,24,1
1,desktop,1,0,0,3,36,2
1,mobile,0,1,1,4,17,0
1,desktop,0,0,0,0,23,1
1,tablet,1,0,0,2,10,0
1,desktop,0,0,0,4,18,1
1,mobile,0,0,1,6,30,2
1,desktop,0,0,0,6,13,0
1,mobile,1,0,0,2,62,4
1,mobile,1,1,1,5,37,1
1,tablet,1,1,1,15,13,1
1,mobile,0,0,0,5,39,1
1,tablet,0,0,0,5,29,1
1,mobile,1,0,0,6,9,0
1,mobile,1,0,0,1,96,2
1,tablet,0,0,0,0,32,2
1,mobile,1,0,0,1,7,0
1,desktop,0,0,1,11,29,1
1,mobile,0,0,0,2,15,0
1,desktop,1,0,0,2,22,0
1,mobile,1,0,0,4,30,2
1,desktop,1,0,1,10,22,0
1,mobile,1,0,0,0,42,4
1,mobile,0,0,0,4,59,3
1,mobile,1,1,1,8,48,7
1,desktop,0,0,0,1,25,1
1,mobile,0,0,0,2,17,3
1,mobile,0,0,0,4,15,0
1,tablet,0,0,0,4,100,3
1,desktop,0,0,1,1,23,0
1,tablet,1,0,0,2,45,0
1,desktop,1,0,0,0,35,2
1,mobile,1,0,1,8,55,3
1,mobile,1,0,0,2,34,1
1,tablet,0,0,0,4,105,4
1,mobile,0,0,0,7,65,4
1,tablet,1,1,1,4,122,5
1,mobile,0,0,0,2,18,2
1,tablet,1,0,0,1,19,2
1,tablet,0,0,0,3,58,5
1,mobile,0,0,0,3,74,4
1,desktop,1,0,0,5,22,2
1,mobile,0,0,1,7,39,2
1,desktop,1,0,0,2,14,2
1,mobile,0,1,1,4,87,3
1,desktop,1,0,0,4,18,0
1,desktop,0,0,0,5,39,2
1,tablet,1,0,0,1,36,1
1,tablet,0,0,0,0,62,4
1,mobile,1,0,1,6,26,1
1,desktop,1,0,0,4,15,1
1,tablet,0,1,0,3,69,3
1,desktop,0,0,0,2,10,1
1,desktop,0,0,0,9,34,2
1,tablet,0,0,0,5,33,2
1,desktop,0,0,0,2,46,5
1,tablet,1,0,0,1,18,0
1,mobile,1,0,0,1,50,5
1,tablet,0,0,0,6,38,1
1,mobile,0,1,0,5,36,2
1,mobile,0,0,1,3,29,2
1,mobile,1,0,0,1,19,1
1,mobile,0,0,0,2,30,2
1,desktop,1,0,0,2,22,0
1,mobile,0,0,1,5,89,7
1,mobile,0,1,1,5,81,2
1,tablet,1,0,1,5,41,2
1,mobile,1,1,1,3,64,2
1,desktop,1,1,1,6,41,2
1,tablet,1,1,0,4,12,2
1,tablet,0,0,0,5,28,3
1,tablet,0,0,0,1,10,1
1,desktop,1,0,0,4,31,3
1,tablet,1,0,0,2,13,0
1,desktop,0,0,0,3,38,3
1,tablet,0,0,0,5,37,3
1,tablet,1,0,0,5,41,1
1,desktop,1,0,0,1,45,5
1,desktop,1,0,0,2,17,1
1,desktop,1,0,0,6,37,0
1,tablet,1,0,0,3,36,0
1,desktop,0,1,1,6,58,6
1,mobile,0,0,0,2,34,1
1,mobile,1,0,0,2,7,0
1,tablet,1,0,0,3,80,3
1,desktop,0,0,0,2,81,3
1,desktop,1,0,0,5,8,0
1,mobile,1,0,0,4,17,1
1,desktop,0,0,0,4,19,1
1,tablet,0,1,1,5,40,3
1,desktop,0,0,0,2,64,2
1,desktop,1,0,0,1,9,0
1,mobile,0,0,0,4,52,1
1,mobile,1,0,0,6,39,2
1,mobile,1,1,0,3,38,0
1,desktop,1,0,0,1,28,1
1,mobile,1,0,0,5,42,0
1,desktop,1,0,0,0,44,3
1,mobile,0,1,1,2,13,0
1,tablet,0,0,1,8,62,4
1,tablet,1,0,1,1,26,0
1,tablet,1,1,1,1,24,1
1,mobile,1,0,0,4,38,1
1,mobile,0,1,0,5,31,1
1,mobile,0,0,1,7,35,3
1,mobile,0,0,0,2,89,5
1,tablet,1,0,0,2,30,3
1,tablet,1,0,0,1,25,1
1,tablet,1,0,0,5,25,0
1,desktop,1,1,1,5,23,2
1,desktop,0,1,1,7,35,2
1,desktop,1,0,0,1,17,1
1,mobile,1,1,0,4,63,2
1,desktop,1,0,0,1,50,5
1,tablet,0,1,1,9,37,1
1,desktop,1,0,0,2,30,1
1,mobile,0,0,0,3,20,2
1,mobile,1,0,0,1,57,1
1,mobile,0,0,0,2,31,0
1,desktop,0,0,0,8,39,0
1,mobile,1,0,0,4,58,3
1,mobile,0,1,1,3,52,2
1,tablet,0,0,0,0,23,0
1,mobile,1,1,1,3,42,3
1,mobile,0,0,0,3,28,3
1,mobile,0,0,0,3,86,4
1,desktop,1,0,0,1,60,3
1,mobile,0,0,0,1,41,4
1,tablet,0,0,1,3,22,1
1,tablet,0,1,0,2,27,0
1,desktop,0,0,0,6,52,2
1,mobile,0,1,1,8,65,2
1,mobile,1,0,0,4,35,4
1,mobile,0,0,0,2,27,2
1,mobile,1,0,1,6,62,4
1,desktop,1,0,0,4,31,3
1,desktop,0,0,0,1,12,0
1,desktop,1,1,0,6,17,1
1,mobile,1,1,1,1,19,2
1,tablet,0,0,0,1,42,4
1,desktop,1,1,0,4,25,1
1,tablet,1,0,0,5,35,0
1,desktop,1,0,0,2,52,2
1,desktop,1,0,0,3,30,1
1,desktop,1,0,0,3,90,3
1,mobile,1,0,0,1,32,3
1,mobile,0,0,0,3,23,0
1,desktop,0,0,0,2,29,1
1,desktop,1,0,0,3,40,1
1,mobile,1,0,0,1,11,2
1,mobile,1,0,0,3,63,5
1,mobile,1,0,1,5,35,0
1,desktop,1,0,0,4,44,1
1,mobile,1,0,0,2,36,0
1,tablet,1,0,0,3,11,2
1,mobile,0,0,0,4,23,1
1,desktop,0,0,0,0,103,6
1,mobile,0,0,0,3,10,2
1,mobile,1,0,0,5,16,3
2,mobile,1,0,0,7,36,2
2,mobile,0,0,0,6,54,6
2,tablet,1,0,0,3,26,4
2,mobile,0,1,1,5,11,0
2,desktop,1,0,0,2,58,4
2,desktop,0,0,0,3,40,1
2,mobile,1,0,1,2,13,2
2,desktop,1,0,0,4,47,0
2,desktop,0,0,0,1,32,4
2,mobile,0,0,0,1,47,1
2,tablet,0,0,0,2,51,1
2,tablet,1,0,1,5,41,1
2,tablet,1,0,0,2,50,6
2,mobile,1,0,0,1,75,1
2,mobile,1,0,0,1,26,3
2,mobile,1,1,0,5,17,2
2,tablet,1,0,1,5,50,0
2,desktop,0,0,0,3,62,3
2,desktop,1,0,0,1,23,2
2,desktop,1,1,1,9,135,2
2,tablet,0,1,0,8,28,4
2,tablet,0,0,0,3,46,0
2,mobile,1,0,0,0,17,2
2,desktop,1,0,0,4,26,1
2,desktop,0,0,0,1,15,1
2,desktop,1,0,1,5,101,5
2,desktop,1,0,1,1,61,0
2,mobile,1,0,0,2,80,7
2,desktop,1,0,0,5,16,1
2,mobile,1,0,0,1,41,4
2,mobile,1,0,0,0,27,6
2,desktop,1,0,0,1,80,6
2,desktop,0,0,0,1,27,0
2,desktop,0,1,0,11,22,3
2,mobile,1,1,1,7,34,6
2,mobile,0,0,1,8,53,3
2,desktop,0,0,0,4,33,1
2,desktop,0,0,0,3,21,1
2,desktop,0,0,1,3,41,3
2,tablet,1,0,0,3,40,2
2,desktop,0,0,0,3,34,0
2,desktop,0,0,0,6,35,1
2,mobile,1,0,0,6,22,2
2,desktop,1,1,1,6,22,1
2,tablet,0,0,0,0,48,1
2,desktop,0,0,0,5,52,4
2,mobile,1,0,0,2,49,1
2,desktop,1,0,0,1,35,0
2,mobile,1,0,0,0,20,0
2,mobile,0,0,0,6,56,4
2,mobile,0,0,0,3,48,2
2,desktop,1,1,1,5,50,2
2,mobile,0,0,1,3,19,0
2,mobile,1,0,0,6,77,3
2,desktop,1,0,0,3,26,0
2,mobile,0,0,0,2,38,0
2,desktop,1,0,0,3,45,4
2,mobile,1,0,1,5,10,2
2,desktop,0,0,0,4,19,0
2,tablet,1,0,0,4,16,0
2,tablet,0,0,0,4,32,0
2,desktop,0,0,0,1,11,1
2,mobile,0,0,0,3,25,1
2,mobile,1,1,0,5,18,0
2,tablet,0,0,0,11,77,3
2,mobile,0,0,0,10,46,0
2,mobile,1,0,0,0,20,1
2,tablet,1,0,1,2,22,1
2,desktop,0,0,0,1,46,1
2,mobile,1,0,0,1,38,5
2,desktop,1,1,0,4,30,0
2,desktop,1,0,0,1,53,2
2,desktop,1,0,0,2,93,11
2,tablet,1,0,0,1,40,3
2,desktop,0,0,0,1,28,0
2,mobile,0,0,0,1,20,1
2,mobile,0,0,0,1,47,4
2,tablet,0,0,1,6,46,0
2,desktop,1,0,1,4,24,0
2,desktop,0,1,0,4,29,2
2,mobile,0,1,1,14,33,2
2,desktop,1,0,0,1,52,0
2,mobile,1,1,1,4,17,2
2,desktop,0,0,0,5,20,0
2,mobile,1,0,0,4,43,1
2,desktop,1,0,0,0,56,2
2,mobile,1,0,0,2,52,4
2,mobile,1,0,0,0,52,2
2,mobile,0,0,0,1,36,0
2,mobile,0,0,0,2,19,0
2,mobile,1,1,1,8,47,2
2,mobile,0,1,0,4,42,4
2,mobile,1,0,0,4,17,0
2,desktop,1,1,0,1,85,2
2,mobile,1,0,0,2,25,1
2,tablet,0,0,0,3,16,1
2,desktop,0,0,0,5,75,7
2,tablet,1,0,0,2,33,3
2,mobile,0,0,0,3,34,3
2,mobile,0,0,0,1,10,0
2,tablet,1,0,0,5,25,0
2,mobile,1,0,0,3,49,0
2,desktop,0,0,0,1,67,4
2,mobile,0,0,0,5,33,2
2,mobile,0,1,0,3,24,0
2,mobile,0,0,0,0,28,1
2,mobile,0,0,0,1,19,0
2,mobile,1,0,0,4,44,3
2,mobile,0,0,0,2,36,2
2,desktop,1,0,0,1,21,1
2,desktop,0,1,1,6,19,1
2,mobile,1,0,0,3,88,6
2,tablet,1,0,0,1,100,7
2,desktop,1,0,0,5,26,2
2,desktop,0,1,0,2,27,1
2,desktop,0,0,0,2,36,4
2,tablet,1,0,0,3,81,5
2,desktop,0,1,0,5,25,0
2,desktop,1,0,0,3,63,5
2,desktop,1,0,0,1,41,2
2,desktop,1,0,0,3,28,1
2,mobile,1,1,0,7,96,10
2,desktop,1,0,0,0,46,0
2,mobile,0,0,0,6,25,1
2,mobile,0,0,0,3,17,0
2,desktop,0,0,0,1,30,1
2,mobile,0,1,0,8,64,2
2,desktop,1,1,1,6,45,1
2,desktop,1,0,0,4,44,3
2,desktop,0,0,0,5,34,1
2,desktop,0,0,0,3,39,3
2,desktop,0,0,0,6,34,2
2,mobile,0,0,0,3,45,2
2,desktop,0,0,0,1,24,0
2,tablet,0,1,0,4,13,0
2,desktop,1,0,0,1,15,1
2,mobile,0,1,0,4,17,1
2,desktop,1,0,0,5,16,2
2,desktop,1,1,0,4,46,2
2,mobile,0,0,0,1,30,2
2,desktop,0,0,0,1,75,1
2,desktop,0,0,1,8,21,1
2,mobile,1,0,0,3,88,6
2,mobile,0,1,0,8,22,2
2,mobile,0,0,1,9,27,1
2,tablet,0,0,0,2,22,0
2,tablet,1,0,0,5,18,0
2,mobile,1,0,0,2,42,2
2,desktop,1,0,0,0,26,0
2,mobile,0,1,1,9,66,3
2,desktop,0,0,0,5,45,0
2,tablet,1,0,1,1,35,2
2,mobile,0,0,0,0,17,2
2,mobile,0,0,0,2,40,2
2,mobile,0,0,0,3,30,0
2,desktop,0,0,0,4,39,1
2,mobile,0,0,0,4,23,1
2,desktop,0,0,0,2,21,1
2,tablet,1,0,0,2,46,1
2,desktop,0,0,0,0,28,0
2,mobile,1,0,0,5,68,4
2,mobile,1,0,0,1,12,1
2,desktop,1,0,0,3,13,0
2,tablet,0,0,0,1,20,0
2,mobile,0,0,0,2,99,9
2,desktop,1,0,0,2,44,3
2,desktop,0,0,0,1,68,4
2,mobile,0,0,0,2,60,1
2,desktop,0,1,0,8,22,1
2,tablet,1,0,0,2,15,0
2,desktop,1,0,0,5,20,0
2,mobile,0,0,0,3,18,0
2,desktop,0,0,0,7,40,3
2,desktop,0,0,0,4,23,3
2,tablet,1,0,0,2,34,2
2,tablet,1,0,1,6,18,0
2,mobile,1,0,0,6,59,4
2,desktop,0,0,0,1,38,2
2,tablet,0,0,0,4,51,4
2,mobile,0,1,0,8,32,0
2,desktop,1,0,0,2,62,5
2,tablet,1,0,0,3,25,4
2,desktop,1,1,0,8,41,1
2,desktop,1,0,0,4,12,1
2,mobile,0,0,0,2,27,1
2,tablet,0,0,0,2,25,2
2,tablet,1,0,0,2,45,3
2,mobile,1,0,0,0,10,0
2,tablet,1,1,0,5,44,4
2,desktop,1,1,1,14,24,0
2,desktop,0,0,0,5,93,5
2,mobile,1,0,0,4,11,1
2,desktop,0,0,0,1,29,0
2,desktop,1,0,0,3,54,4
2,mobile,0,0,0,4,62,3
2,mobile,0,0,0,8,15,1
2,tablet,0,0,0,1,81,6
2,mobile,1,0,0,5,18,1
2,desktop,0,0,0,0,38,2
2,tablet,1,0,0,2,50,4
